heat_load_W,pump_speed_rad_s,cpu_temp_K,flow_rate_kg_s,pump_pressure_in,pump_pressure_out
150,83.776,332.6191722331853,0.006079312598467761,149999.99999999997,151030.30000693386
150,104.72,329.99331342255516,0.007632355369732696,149999.99999999997,151608.62816031583
150,125.664,328.22964487564997,0.009170237526725276,149999.99999999997,152315.53383837303
150,157.08,326.46210084286156,0.011426833764968504,149999.99999999997,153617.23334330638
150,188.496,325.2625846907643,0.013656432624558727,149999.99999999997,155208.4847196225
150,251.327,323.6818824515978,0.01821991535120822,149999.99999999997,159257.86407077423
150,376.991,322.0344072273119,0.027391095153909934,149999.99999999997,170826.82828502535
150,502.655,321.1791289597423,0.036569952992949004,149999.99999999997,187022.92401550565
200,83.776,337.4409448518483,0.006079312598467811,149999.99999999997,151030.30000693386
200,104.72,333.94004862234755,0.007632355369732707,149999.99999999997,151608.62816031583
200,125.664,331.5891900878307,0.009170237526725274,149999.99999999997,152315.53383837303
200,157.08,329.23250976451027,0.011426833764968494,149999.99999999997,153617.23334330638
200,188.496,327.63302674468,0.013656432624558743,149999.99999999997,155208.4847196225
200,251.327,325.5250976320661,0.01821991535120823,149999.99999999997,159257.86407077423
200,376.991,323.32753224505,0.02739109515390995,149999.99999999997,170826.82828502535
200,502.655,322.1858567951601,0.036569952992949,149999.99999999997,187022.92401550565
250,83.776,342.26271740289684,0.006079312598467781,149999.99999999997,151030.30000693386
250,104.72,337.8865622691817,0.0076323553697326945,149999.99999999997,151608.62816031583
250,125.664,334.94794646417284,0.0091702375267253,149999.99999999997,152315.53383837303
250,157.08,332.00275675197855,0.011426833764968511,149999.99999999997,153617.23334330638
250,188.496,330.00346878863,0.013656432624558727,149999.99999999997,155208.4847196225
250,251.327,327.3683128069419,0.018219915351208232,149999.99999999997,159257.86407077423
250,376.991,324.6206572603165,0.02739109515390994,149999.99999999997,170826.82828502535
250,502.655,323.1925846291919,0.036569952992949004,149999.99999999997,187022.92401550565
300,83.776,347.08448988613463,0.006079312598467765,149999.99999999997,151030.30000693386
300,104.72,341.8330758731205,0.0076323553697326555,149999.99999999997,151608.62816031583
300,125.664,338.3067028108579,0.009170237526725284,149999.99999999997,152315.53383837303
300,157.08,334.7724123300688,0.011426833764968511,149999.99999999997,153617.23334330638
300,188.496,332.3737332447214,0.013656432624558745,149999.99999999997,155208.4847196225
300,251.327,329.21152797622057,0.01821991535120822,149999.99999999997,159257.86407077423
300,376.991,325.91378227310986,0.027391095153909934,149999.99999999997,170826.82828502535
300,502.655,324.19931246183734,0.036569952992949,149999.99999999997,187022.92401550565
350,83.776,351.9062623013653,0.006079312598467791,149999.99999999997,151030.30000693386
350,104.72,345.7795894340651,0.007632355369732689,149999.99999999997,151608.62816031583
350,125.664,341.66545912782925,0.009170237526725293,149999.99999999997,152315.53383837303
350,157.08,337.54206788906566,0.011426833764968494,149999.99999999997,153617.23334330638
350,188.496,334.7435449428591,0.01365643262455875,149999.99999999997,155208.4847196225
350,251.327,331.0547431398974,0.018219915351208225,149999.99999999997,159257.86407077423
350,376.991,327.2069072834288,0.027391095153909938,149999.99999999997,170826.82828502535
350,502.655,325.2060402930957,0.03656995299294899,149999.99999999997,187022.92401550565
400,83.776,356.72734170120117,0.006079312598467769,149999.99999999997,151030.30000693386
400,104.72,349.7261029519159,0.007632355369732659,149999.99999999997,151608.62816031583
400,125.664,345.02421541502946,0.009170237526725276,149999.99999999997,152315.53383837303
400,157.08,340.3117234289398,0.011426833764968504,149999.99999999997,153617.23334330638
400,188.496,337.11335662763196,0.013656432624558745,149999.99999999997,155208.4847196225
400,251.327,332.8977823695684,0.018219915351208215,149999.99999999997,159257.86407077423
400,376.991,328.50003229127196,0.027391095153909945,149999.99999999997,170826.82828502535
400,502.655,326.2127681229665,0.036569952992949004,149999.99999999997,187022.92401550565
450,83.776,361.5472312190578,0.00607931259846776,149999.99999999997,151030.30000693386
450,104.72,353.6726164265735,0.0076323553697326746,149999.99999999997,151608.62816031583
450,125.664,348.38297167240165,0.009170237526725274,149999.99999999997,152315.53383837303
450,157.08,343.0813789496617,0.011426833764968503,149999.99999999997,153617.23334330638
450,188.496,339.48316829902274,0.013656432624558729,149999.99999999997,155208.4847196225
450,251.327,334.74052507215987,0.01821991535120822,149999.99999999997,159257.86407077423
450,376.991,329.7931572966379,0.027391095153909938,149999.99999999997,170826.82828502535
450,502.655,327.21949595144906,0.036569952992949,149999.99999999997,187022.92401550565
500,83.776,366.36712065071345,0.006079312598467781,149999.99999999997,151030.30000693386
500,104.72,357.61850232418345,0.007632355369732705,149999.99999999997,151608.62816031583
500,125.664,351.7417278998881,0.009170237526725293,149999.99999999997,152315.53383837303
500,157.08,345.8510344512018,0.011426833764968492,149999.99999999997,153617.23334330638
500,188.496,341.8529799570142,0.013656432624558755,149999.99999999997,155208.4847196225
500,251.327,336.5832677672454,0.018219915351208215,149999.99999999997,159257.86407077423
500,376.991,331.08628229952535,0.027391095153909934,149999.99999999997,170826.82828502535
500,502.655,328.22622377854293,0.036569952992949,149999.99999999997,187022.92401550565
550,83.776,371.18700999588754,0.00607931259846779,149999.99999999997,151030.30000693386
550,104.72,361.5635160601962,0.007632355369732669,149999.99999999997,151608.62816031583
550,125.664,355.1004840974315,0.009170237526725267,149999.99999999997,152315.53383837303
550,157.08,348.6206899335307,0.011426833764968518,149999.99999999997,153617.23334330638
550,188.496,344.222791601589,0.013656432624558727,149999.99999999997,155208.4847196225
550,251.327,338.4260104548177,0.018219915351208225,149999.99999999997,159257.86407077423
550,376.991,332.37940729993284,0.02739109515390994,149999.99999999997,170826.82828502535
550,502.655,329.23295160424743,0.036569952992949004,149999.99999999997,187022.92401550565
600,83.776,376.0068992542969,0.006079312598467782,149999.99999999997,151030.30000693386
600,104.72,365.50852974156254,0.007632355369732694,149999.99999999997,151608.62816031583
600,125.664,358.4586312287964,0.009170237526725286,149999.99999999997,152315.53383837303
600,157.08,351.3903453966185,0.011426833764968494,149999.99999999997,153617.23334330638
600,188.496,346.59260323272997,0.013656432624558753,149999.99999999997,155208.4847196225
600,251.327,340.2687531348696,0.018219915351208232,149999.99999999997,159257.86407077423
600,376.991,333.67236280573616,0.027391095153909948,149999.99999999997,170826.82828502535
600,502.655,330.239679428562,0.036569952992949004,149999.99999999997,187022.92401550565
650,83.776,380.82600919591795,0.006079312598467766,149999.99999999997,151030.30000693386
650,104.72,369.4535433681398,0.0076323553697326555,149999.99999999997,151608.62816031583
650,125.664,361.8161392122971,0.009170237526725291,149999.99999999997,152315.53383837303
650,157.08,354.1600008404357,0.011426833764968499,149999.99999999997,153617.23334330638
650,188.496,348.96241485041963,0.013656432624558729,149999.99999999997,155208.4847196225
650,251.327,342.1114958073938,0.018219915351208232,149999.99999999997,159257.86407077423
650,376.991,334.96517353881376,0.027391095153909945,149999.99999999997,170826.82828502535
650,502.655,331.2464072514861,0.036569952992949004,149999.99999999997,187022.92401550565
700,83.776,385.6430881339077,0.006079312598467802,149999.99999999997,151030.30000693386
700,104.72,373.3985569397858,0.0076323553697327,149999.99999999997,151608.62816031583
700,125.664,365.1736471579605,0.00917023752672527,149999.99999999997,152315.53383837303
700,157.08,356.9296562649524,0.01142683376496851,149999.99999999997,153617.23334330638
700,188.496,351.33222645464076,0.013656432624558745,149999.99999999997,155208.4847196225
700,251.327,343.954238472383,0.018219915351208215,149999.99999999997,159257.86407077423
700,376.991,336.25798426857136,0.02739109515390995,149999.99999999997,170826.82828502535
700,502.655,332.2531350730191,0.036569952992949004,149999.99999999997,187022.92401550565
